"TACGTAGGGCGCGAGCGTTATCCGGAATTATTGGGCGTAAAGAGCTCGTAGGCGGTTTGTCGCGTCTGCTGTGAAAGCCCGGGGCTTAACCCCGGGTGTGCAGTGGGTACGGGCAGACTAGAGTGCAGTAGGGGAGACTGGAATTCCTGG"	"TACGGAGGATCCAAGCGTTATCCGGAATCATTGGGTTTAAAGGGTCCGTAGGCGGTTTAATAAGTCAGTGGTGAAAGCCCATCGCTCAACGGTGGAACGGCCATTGATACTGTTAGACTTGAATTATTAGGAAGTAACTAGAATATGTAG"	"TACGTAGGGTGCGAGCGTTGTCCGGAATTACTGGGCGTAAAGAGCTCGTAGGTGGTTTGTCGCGTCGTTTGTGTAAGTCCACGGCTTAACTGTGGGACTGCAGGCGATACGGGCATAACTTGAGTGCTGTAGGGGAGACTGGAATTCCTG"	"TACGGAGGGTGCAAGCGTTATCCGGATTTATTGGGTTTAAAGGGTCCGTAGGTGGGCTGATAAGTCAGCGGTGAAATCCTGCAGCTTAACTGTAGAACTGCCGTTGATACTGTTAGTCTTGAGTGTATTTGAAGTGGCTGGAATAAGTAG"	"TACGAAGGGGGCTAGCGTTGCTCGGAATGACTGGGCGTAAAGGGCGCGTAGGCGGTTGTTACAGTCAGATGTGAAATCCCCGGGCTTAACCTGGGAACTGCATTTGATACGTGACGACTAGAGTTCGAGAGAGGGTTGTGGAATTCCCAG"	"TACGTAGGGTGCAAGCGTTAATCGGAATTACTGGGCGTAAAGCGTGCGCAGGCGGTTTTGTAAGTCTGTCGTGAAAGCCCCGGGCTCAACCTGGGAATTGCGATGGAGACTGCAAGGCTTGAATCTGGCAGAGGGGGGTAGAATTCCACG"	"TACGGAGGATGCGAGCGTTATCCGGAATCATTGGGTTTAAAGGGTCTGTAGGCGGGTTATTAAGTCAAGGGTGAAAGTTTGTTGCTTAACGATAAAATTGCCTTTGATACTGGTAGTCTTGAATTTTTGTGAAGTTGCTGGAATGTGTAG"	"TACGTAGGGTGCGAGCGTTGTCCGGAATTACTGGGCGTAAAGGGCTCGTAGGTGGTGTGTCGCGTCGTCTGTGAAATTCCGGGGCTTAACTCCGGGCGTGCAGGCGATACGGGCATGCTTGAGTGCTGTAGGGGTAGCTGGAATGCCTGG"	"TACGGAGGGTGCAAGCGTTATCCGGATTTATTGGGTTTAAAGGGTCCGTAGGCGGATCTGTAAGTCAGTGGTGAAATCTCATAGCTTAACTATGAAACTGCCATTGATACTGCAGGTCTTGAGTAAATTTGAAGTGGCTGGAATAAGTAG"	"TACAGAGGGTGCAAGCGTTAATCGGAATTACTGGGCGTAAAGCGAGCGTAGGTGGTTTATTAAGTCAGATGTGAAATCCCTGGGCTTAACCTAGGAACTGCATCTGATACTGATAAACTAGAGTAGGTGAGAGGAAAGTAGAATTCCAGG"	"TACGGAGGATCCAAGCGTTATCCGGATTTATTGGGTTTAAAGGGTGCGTAGGCGGTCCTATAAGTCAGTGGTGAAAGACGGCAGCTTAACTGTCGCAGTGCCTTTGATACTGTAGGACTTGAATCTATTTGAAGTGGGCGGAATAAGACA"	"TACGTAGGTGGCAAGCGTTATCCGGAATTATTGGGCGTAAAGCGCGCGTAGGCGGCAAGATTAGTCTGATGTGAAAGCCCCCGGCTCAACCGGGGAGGGTCATTGGAAACTGTCTTGCTTGAGTGCAGAAGAGGAGAGTGGAATTCCATG"	"TACGTAGGGTGCAAGCGTTAATCGGAATTACTGGGCGTAAAGCGTGCGCAGGCGGTTTTGTAAGTCTGTTGTGAAATCCCCGGGCTTAACCTGGGAATGGCAATGGAGACTGCAAGGCTAGAGTTTGGCAGAGGGGGGTAGAATTCCACG"	"TACGGAAGGTTCGGGCGTTATCCGGATTTATTGGGTTTAAAGGGAGCGTAGGCCGTGGATTAAGCGTGTTGTGAAATGTAGATGCTCAACATCTGACTTGCAGCGCGAACTGGTTTACTAGAGTGTGCACAACGTAGGCGGAATTCGTCG"	"TACGTAGGGTGCGAGCGTTGTCCGGAATTACTGGGCGTAAAGAGTTCGTAGGCGGTTTGTCGCGTCGTTTGTGAAAACCCGGGGCTCAACTTCGGGCTTGCAGGCGATACGGGCAGACTTGAGTGTTTCAGGGGAGACTGGAATTCCTGG"	"TACGGAGGGTGCAAGCGTTAATCGGAATTACTGGGCGTAAAGCGCACGCAGGCGGTTTGTTAAGTCGGATGTGAAATCCCCGGGCTCAACCTGGGAACTGCATTCGAAACTGGCAAGCTTGAGTCTTGTAGAGGGGGGTAGAATTCCAGG"	"TACGTAGGGTGCGAGCGTTGTCCGGAATTACTGGGCGTAAAGAGCTCGTAGGTGGTTTGTCGCGTTGTTCGTGAAAACCTGAGGCTTAACCTCGGGCGTGCGGGCGATACGGGCAGACTGGAGTACTGCAGGGGAGACTGGAATTCCTGG"	"TACGGAGGATCCAAGCGTTATCCGGATTTATTGGGTTTAAAGGGTGCGTAGGCGGCCTATTAAGTCAGGGGTGAAAGACGGTAGCTCAACTATCGCAGTGCCTTTGATACTGATGGGCTTGAATGAACTAGAGGTAGGCGGAATGAGACA"	"TACGTAGGGCGCGAGCGTTGTCCGGAATTATTGGGCGTAAAGAGCTTGTAGGCGGTTTGTCGCGTCTGCTGTGAAAGCCCGGGGCTTAACTCCGGGTTTGCAGTGGGTACGGGCTAACTAGAGTGCAGTAGGGGAGACTGGAATTCCTGG"	"TACGGAGGGTGCAAGCGTTATCCGGATTTATTGGGTTTAAAGGGTCCGTAGGCGGGCTCGTAAGTCAGTGGTGAAATCTCATAGCTTAACTATGAAACTGCCATTGATACTGCGAGCCTTGAGTAAGGTAGAGGTAGCTGGAATAAGTAG"	"TACGTCTTTGTCCCTCTTTTTCCGGCCTTATTGGGCGTCCAGCGCGCGCAGGTGGTTTAATCAGTCTGCTGTGAAAGCCCACGGCTCAACCGTGGAGGGTCATTGGAAACTGTTAAACTTGAGTGCAGGAGAGAAAAGTGGAATTCCTAG"	"TACGTAGGGCGCGAGCGTTGTCCGGAATTATCGGGCGTAAAGAGCTTGTAGGCGGTTTGTCGCGTCTGCTGTGAAAGGCCGGGGCTTAACTCCGTGTATTGCAGTGGGTACGGGCAGACTAGAGTGCAGTAGGGGAGACTGGAACTCCTG"	"TACGGAGGGTGCAAGCGTTAATCGGAATTACTGGGCGTAAAGCGCACGCAGGCGGTCTGTCAAGTCGGATGTGAAATCCCCGGGCTCAACCTGGGAACTGCGTTCGAAACTGGCAGGCTAGAGTCTTGTAGAGGGGGGTAGAATTCCAGG"	"TACGTAGGTGGCAAGCGTTGTCCGGATTTATTGGGCGTAAAGCGAGCGCAGACGGAAAGATAAGTCTGATGTGAAAGCCCCCGGCTTAACCGAGGAATTGCATCGGAAACTGTGTTTCTTGAGTGCAGAAGAGGAGAGTGGAACTCCATG"	"GACAGAGGATGCAAGCGTTATCCGGAATGATTGGGCGTAAAGCGTCTGTAGGTGGCTTTTTAAGTTCGCCGTCAAATCCCAGGGCTCAACCCTGGACAGGTGGTGAAAACTACCAAGCTAGAGTACGGTAGGGGCAGAGGGAATTTCCGG"	"TACGTAGGTCCCGAGCGTTGTCCGGATTTATTGGGCGTAAAGCGAGCGTAGGCGGTTTGATAAGTCTGAAGTTAAAGGCTGTGGCTCAACCATAGTTCGCTTTGGAAACTGTCAAACTTGAGTGCAGAAGGGGAGAGTGGAATTCCATGT"	"TACGGAGGATGCGAGCGTTATCCGGATTTATTGGGTTTAAAGGGTGCGTAGGCGGACGCTTAAGTCAGCGGTAAAATTGCGGGGCTCAACCTCGTCGAGCCGTTGAAACTGGGTGTCTTGAGTGGGCGAGAAGTACGCGAAATGCGTGGT"	"TACGGAGGATCCAAGCGTTATCCGGATTTATTGGGTTTAAAGGGTGCGTAGGCGGCAGATTAAGTTAAAGGTGAAATTCCGAGGCTCAACCTTGGCACTGCCTCTGATACTGGTTTGCTAGCGAGTAGATGCTGTAGGCGGAATGTGTGG"	"TACGGAGGGTGCGAGCGTTAATCGGAATTACTGGGCGTAAAGGGCGCGTAGGCGGTCTGTTAAGCCAGATGTGAAAGCCCCGGGCTTAACCTGGGAACAGCATTTGGAACTGGCAGACTTGAGTGCAGGAGAGGAAGGTAGAATTCCAGG"	"TACGGAGGATCCAAGCGTTATCCGGAATCATTGGGTTTAAAGGGTCCGTAGGCGGTCAGATAAGTCAGTGGTGAAAGCCCATCGCTCAACGGTGGAACGGCCATTGATACTGTCTGACTTGAATTATTAGGAAGTAACTAGAATATGTAG"	"TACGGAGGATCCAAGCGTTATCCGGAATCATTGGGTTTAAAGGGTCCGTAGGCGGGCTAATAAGTCAGTGGTGAAATCTCCCGGCTCAACCGGGAAATGGCCATTGATACTGTTAGTCTTGAATTATTAGGAAGTAACTAGAATATGTAG"	"TACGGAGGATCCAAGCGTTATCCGGAATCATTGGGTTTAAAGGGTCCGTAGGCGGCCTTATAAGTCAGTGGTGAAATCTCCCGGCTCAACCGGGAAATGGCCATTGATACTGTAGGGCTTGAATTATTAGGAAGTAACTAGAATATGTAG"	"GACGGGGGGGGCAAGTGTTCTTCGGAATGACTAGGCGTAAAGGGCACGTAGGCGGTGAATCGGGTTGAAAGTGAAAGTCGCCAAAAACTGGTGGAATGCTCTCGAAACCAATTCACTTGAGTGAGACAGAGGAGAGTGGAATTTCGTGTG"	"TACGTAGGGTGCAAGCGTTAATCGGAATTACTGGGCGTAAAGCGTGCGCAGGCGGTTTTGTAAGTCTGTTGTGAAATCCCCGGGCTCAACCTGGGAATGGCAATGGAGACTGCAAGGCTAGAGTTTGGCAGAGGGGGGTAGAATTCCACG"
"X907.0144674730035_5.027556948640493"	0.767257905174354	9.24320235553528e-40	4.39436912370909e-111	3.71726119996852e-24	0.987632523854657	6.04342094854816e-52	6.25228558209876e-28	1.0513065008169e-110	0.916284977645327	0.867258670712691	0.759801335175533	0.759801335175533	4.39436912370909e-111	4.39436912370909e-111	9.36646732938158e-38	4.39436912370909e-111	4.39436912370909e-111	4.39436912370909e-111	6.92055444250094e-41	4.39436912370909e-111	0.759801335175533	0.916284977645327	0.916284977645327	0.916284977645327	0.916284977645327	0.916284977645327	0.916284977645327	0.759801335175533	0.759801335175533	0.759801335175533	0.759801335175533	0.759801335175533	0.759801335175533	0.759801335175533
"X906.7640297092696_5.011002013251782"	0.698319741356318	2.32610238380166e-44	5.12117879358836e-135	5.90106479895444e-29	0.895495905666423	1.79905374120996e-59	1.14264238291551e-29	1.49515147026923e-134	0.782776468869107	0.720741049200162	0.709216345551725	0.709216345551725	5.12117879358836e-135	5.12117879358836e-135	1.651747299494e-40	5.12117879358836e-135	5.12117879358836e-135	5.12117879358836e-135	5.90248367794021e-45	5.12117879358836e-135	0.709216345551725	0.782776468869107	0.782776468869107	0.782776468869107	0.782776468869107	0.782776468869107	0.782776468869107	0.709216345551725	0.709216345551725	0.709216345551725	0.709216345551725	0.709216345551725	0.709216345551725	0.709216345551725
"X784.7013390091392_3.7506759681093382"	0.884536375323948	1.91558081589703e-42	7.87626476118947e-118	9.13409006058589e-23	0.895081600186103	2.71023142522233e-52	8.30093126915108e-27	1.23316100767078e-117	0.91709024566384	0.886259217966748	0.91709024566384	0.91709024566384	7.87626476118947e-118	7.87626476118947e-118	6.43839818523933e-37	7.87626476118947e-118	7.87626476118947e-118	7.87626476118947e-118	1.91558081589703e-42	7.87626476118947e-118	0.91709024566384	0.91709024566384	0.91709024566384	0.91709024566384	0.91709024566384	0.91709024566384	0.91709024566384	0.91709024566384	0.91709024566384	0.91709024566384	0.91709024566384	0.91709024566384	0.91709024566384	0.91709024566384
"X784.9523847767666_4.098406615384615"	0.820168909157476	7.31731625244692e-42	2.89920750904204e-115	2.00529563432396e-23	0.866852693232156	1.73160573035836e-52	2.84234310624446e-32	4.91137702888894e-115	0.880256274236436	0.829529767244082	0.916833019884548	0.916833019884548	2.89920750904204e-115	2.89920750904204e-115	2.66659574369252e-39	2.89920750904204e-115	2.89920750904204e-115	2.89920750904204e-115	1.35327084692633e-41	2.89920750904204e-115	0.916833019884548	0.880256274236436	0.880256274236436	0.880256274236436	0.880256274236436	0.880256274236436	0.880256274236436	0.916833019884548	0.916833019884548	0.916833019884548	0.916833019884548	0.916833019884548	0.916833019884547	0.916833019884547
"X328.32064532565454_7.195926982378854"	0.918782462664835	1.73505366786758e-64	0	1.13712989968992e-31	0.935858738215644	1.14639950612084e-82	1.88897747561144e-38	0	0.945906756280327	0.925520406510341	0.958384892223112	0.958384892223112	0	0	6.3745609108357e-55	0	0	0	2.375054418683e-64	0	0.958384892223112	0.945906756280327	0.945906756280327	0.945906756280327	0.945906756280327	0.945906756280327	0.945906756280327	0.958384892223112	0.958384892223112	0.958384892223112	0.958384892223112	0.958384892223112	0.958384892223112	0.958384892223112
"X423.06399753506423_0.7059619047619046"	0.881160891250522	1.2956955340307e-41	6.20491764806875e-112	2.89629438363478e-46	0.897279869860889	8.7880541926318e-51	2.41765011032764e-26	9.10664253298269e-112	0.924279162742115	0.885519440712415	0.989524168614872	0.989524168614872	6.20491764806875e-112	6.20491764806875e-112	8.25923649510768e-36	6.20491764806875e-112	6.20491764806875e-112	6.20491764806875e-112	3.82269705366524e-41	6.20491764806875e-112	0.989524168614872	0.924279162742115	0.924279162742115	0.924279162742115	0.924279162742115	0.924279162742115	0.924279162742115	0.989524168614872	0.989524168614872	0.989524168614872	0.989524168614872	0.989524168614872	0.989524168614872	0.989524168614872
"X481.2551631284708_3.93231365998515"	0.79436030258525	3.88865440133973e-41	2.67932698630679e-109	1.34682472254209e-21	0.753666622213547	2.2045766793814e-50	4.68550991079919e-30	1.91123848081661e-109	0.742511712382719	0.674730912761273	0.988766127040322	0.988766127040322	2.67932698630679e-109	2.67932698630679e-109	1.50324028105933e-33	2.67932698630679e-109	2.67932698630679e-109	2.67932698630679e-109	3.2074483831e-39	2.67932698630679e-109	0.988766127040322	0.742511712382719	0.742511712382719	0.742511712382719	0.742511712382719	0.742511712382719	0.742511712382719	0.988766127040322	0.988766127040322	0.988766127040322	0.988766127040322	0.988766127040322	0.988766127040322	0.988766127040322
"X796.7004800660195_4.760384265350876"	0.769335603472901	1.29762483363891e-17	6.0724891754672e-38	7.84439983325928e-20	0.798517660429637	1.79454197831953e-21	4.8518404464662e-37	7.03861820068693e-38	0.842854037345074	0.797897870801992	0.876079141716895	0.876079141716895	6.0724891754672e-38	6.0724891754672e-38	8.57526635699026e-19	6.0724891754672e-38	6.0724891754672e-38	6.0724891754672e-38	1.74093866331896e-17	6.0724891754672e-38	0.876079141716895	0.842854037345074	0.842854037345074	0.842854037345074	0.842854037345074	0.842854037345074	0.842854037345074	0.876079141716895	0.876079141716895	0.876079141716895	0.876079141716895	0.876079141716895	0.876079141716895	0.876079141716895
"X849.9787294466377_4.319209611451945"	0.654534709707112	7.68459219140574e-14	1.49707953174776e-30	2.0504743707356e-09	0.0229269172316567	9.55359986645758e-19	1.91016217463133e-27	1.80910736155345e-30	0.750714305999564	0.604321229913567	0.662937995921121	0.662937995921121	1.49707953174776e-30	1.49707953174776e-30	2.40072287912511e-13	1.49707953174776e-30	1.49707953174776e-30	1.49707953174776e-30	3.79192695834903e-14	1.49707953174776e-30	0.662937995921121	0.750714305999564	0.750714305999564	0.750714305999564	0.750714305999564	0.750714305999564	0.750714305999564	0.662937995921121	0.662937995921121	0.662937995921121	0.662937995921121	0.662937995921121	0.662937995921121	0.662937995921121
"X336.32710828092456_9.686877295788932"	0.890464338725879	1.66187438303151e-63	0	5.0632806817602e-31	0.925901865316741	1.05649860179346e-81	4.94137505711283e-38	1.58101006669199e-322	0.931404648538491	0.901492706331288	0.941802728051603	0.941802728051603	0	0	7.27812759952476e-54	0	0	0	2.15080276161885e-63	0	0.941802728051603	0.931404648538491	0.931404648538491	0.931404648538491	0.931404648538491	0.931404648538491	0.931404648538491	0.941802728051603	0.941802728051603	0.941802728051603	0.941802728051603	0.941802728051603	0.941802728051603	0.941802728051603
"X454.2654308921039_2.557900980392156"	0.7702428499014	4.34017400618421e-23	1.38780116253738e-52	1.34967249353061e-15	0.786081803978415	9.5823447600494e-28	4.00635843133691e-25	1.71815091403515e-52	0.847989823804766	0.792551261654004	0.847989823804766	0.847989823804766	1.38780116253738e-52	1.38780116253738e-52	5.66576549084504e-21	1.38780116253738e-52	1.38780116253738e-52	1.38780116253738e-52	4.34017400618421e-23	1.38780116253738e-52	0.847989823804766	0.847989823804766	0.847989823804766	0.847989823804766	0.847989823804766	0.847989823804766	0.847989823804766	0.847989823804766	0.847989823804766	0.847989823804766	0.847989823804766	0.847989823804766	0.847989823804766	0.847989823804766
"X796.4503961220095_4.779045316588179"	0.760519817603994	4.58647446783775e-18	1.80359598195697e-38	1.05747014661037e-20	0.801865069407172	1.57871315316973e-21	3.62564612604216e-35	2.08611674421195e-38	0.83398478091074	0.758090438806358	0.938244972298851	0.938244972298851	1.80359598195697e-38	1.80359598195697e-38	2.7778511595711e-18	1.80359598195697e-38	1.80359598195697e-38	1.80359598195697e-38	1.16118299906359e-17	1.80359598195697e-38	0.938244972298851	0.83398478091074	0.83398478091074	0.83398478091074	0.83398478091074	0.83398478091074	0.83398478091074	0.938244972298851	0.938244972298851	0.938244972298851	0.938244972298851	0.938244972298851	0.938244972298851	0.938244972298851
"X1046.267535214212_4.100944921436585"	0.840686780287085	7.08484114892783e-33	1.02008133117999e-81	4.39810847702216e-18	0.839273637250995	8.37578131685965e-41	1.52204202103827e-21	1.40250185237244e-81	0.884536820989229	0.840406205781594	0.884768293284636	0.884768293284636	1.02008133117999e-81	1.02008133117999e-81	4.88528010029245e-31	1.02008133117999e-81	1.02008133117999e-81	1.02008133117999e-81	7.10759958699533e-33	1.02008133117999e-81	0.884768293284636	0.884536820989229	0.884536820989229	0.884536820989229	0.884536820989229	0.884536820989229	0.884536820989229	0.884768293284636	0.884768293284636	0.884768293284636	0.884768293284636	0.884768293284636	0.884768293284636	0.884768293284636
"X400.3414306640625_7.131716666666667"	0.941665288128603	1.19921213824645e-66	0	1.15530967943719e-32	0.945783955661563	4.59466223123016e-86	1.23239111328715e-39	0	0.961693129287462	0.942193290765568	0.961693129287462	0.961693129287462	0	0	9.12514491712815e-57	0	0	0	1.19921213824631e-66	0	0.961693129287462	0.961693129287462	0.961693129287462	0.961693129287462	0.961693129287462	0.961693129287462	0.961693129287462	0.961693129287462	0.961693129287462	0.961693129287462	0.961693129287462	0.961693129287462	0.961693129287462	0.961693129287462
"X538.5201699172397_11.034566104078767"	0.947812914155898	1.74183365074419e-63	2.92289236079681e-320	7.58174793007891e-31	0.966431755088145	5.35279915029575e-81	1.01165902674835e-37	2.85202358455735e-318	0.881669841374415	0.927316008939376	0.953634332793852	0.953634332793852	2.92289236079681e-320	2.92289236079681e-320	5.81551915166394e-54	2.92289236079681e-320	2.92289236079681e-320	2.92289236079681e-320	2.75734093917266e-65	2.92289236079681e-320	0.953634332793852	0.881669841374415	0.881669841374415	0.881669841374415	0.881669841374415	0.881669841374415	0.881669841374415	0.953634332793852	0.953634332793852	0.953634332793852	0.953634332793852	0.953634332793852	0.953634332793852	0.953634332793852
"X1295.404266669277_5.078716097308493"	0.535356299889257	1.20131464870452e-15	3.01681026108226e-33	2.8883398848745e-10	0.587940745497379	6.55491486189149e-24	5.34366302921614e-18	3.71307226507639e-33	0.712418239777269	0.633419349772679	0.861310214027521	0.861310214027521	3.01681026108226e-33	3.01681026108226e-33	7.62991547017357e-15	3.01681026108226e-33	3.01681026108226e-33	3.01681026108226e-33	4.12361446750723e-15	3.01681026108226e-33	0.861310214027521	0.712418239777269	0.712418239777269	0.712418239777269	0.712418239777269	0.712418239777269	0.712418239777269	0.861310214027521	0.861310214027521	0.861310214027521	0.861310214027521	0.861310214027521	0.861310214027521	0.861310214027521
"X940.5301406749616_3.6804778775781752"	0.885185713446006	2.21805201321034e-57	1.01752136403882e-215	1.84453374241632e-28	0.895628232331029	2.82373573405599e-72	4.93943967455484e-35	4.97133866223857e-215	0.906185705288593	0.867583458092189	0.944223851790317	0.944223851790317	1.01752136403882e-215	1.01752136403882e-215	4.09788717063794e-49	1.01752136403882e-215	1.01752136403882e-215	1.01752136403882e-215	5.19291218740984e-57	1.01752136403882e-215	0.944223851790317	0.906185705288593	0.906185705288593	0.906185705288593	0.906185705288593	0.906185705288593	0.906185705288593	0.944223851790317	0.944223851790317	0.944223851790317	0.944223851790317	0.944223851790317	0.944223851790317	0.944223851790317
"X824.9735199520948_4.9864419076610895"	0.71370631093827	3.56341070751295e-38	1.2778762770978e-104	5.59767681272925e-26	0.871135969784753	2.316217437319e-47	2.9364750591805e-28	2.8683667203861e-104	0.806222506647402	0.740975420254513	0.752232318686804	0.752232318686804	1.2778762770978e-104	1.2778762770978e-104	3.66299894814252e-43	1.2778762770978e-104	1.2778762770978e-104	1.2778762770978e-104	1.48952276072463e-38	1.2778762770978e-104	0.752232318686804	0.806222506647402	0.806222506647402	0.806222506647402	0.806222506647402	0.806222506647402	0.806222506647402	0.752232318686804	0.752232318686804	0.752232318686804	0.752232318686804	0.752232318686804	0.752232318686804	0.752232318686804
