"TACGTAGGGCGCAAGCGTTGTCCGGAATTATTGGGCGTAAAGAGCTCGTAGGCGGCTGGTCGCGTCTGTCGTGAAAACTTCCGGCTCAACCGGGGGCTTGCGGTGGGTACGGGCCGGCTAGAGTGCGGTAGGGGTAACTGGAACTCCTGG"	"TACGTAGGGCGCAAGCGTTGTCCGGAATTATTGGGCGTAAAGAGCTCGTAGGCGGTTTGTCGCGTCTGCTGTGAAAGCCCGGGGCTTAACCCCGGGTGTGCAGTGGGTACGGGCAGACTTGAGTGCAGTAGGGGAGACTGGAATTCCTGG"	"TACGGAGGGGGCTAGCGTTGTTCGGAATTACTGGGCGTAAAGCGCACGTAGGCGGACCAGAAAGTTGGGGGTGAAATCCCGGGGCTCAACCTCGGAACTGCCTTCAAAACTATTGGTCTGGAGTTCGAGAGAGGTGAGTGGAATTCCGAG"	"GACAGAGGATGCAAGCGTTATCTGGAATGATTGGGCGTAAGGCGTCTGTAGGTGGCTTTTCAAGTCCGCCGTCCAATCCCAGGGCTCAACCCTGGACAGGCGGTGGAAACTACCAAGCTGGAGTACGGTAGGGGCAGAGGGAATTTCCGG"	"TACGGAGGGAGCTAGCGTTATTCGGAATTACTGGGCGTAAAGCGCACGTAGGCGGCTTTGTAAGTAAGAGGTGAAAGCCCAGAGCTCAACTCTGGAATTGCCTTTTAGACTGCATCGCTTGAATCATGGAGAGGTCAGTGGAATTCCGAG"	"TACGTAGGGTACTAGCGTTGTCCGGAATTATTGGGCGTAAAGGGCTTGTAGGTGGTTTGTCGCGTCTGTCGTGAAAACCCGGGGCTTAACTCCGGGCTTGCGGTGGGTACGGGCAGGCTTGAGTGCGGTAGGGGAGACTGGAATTCCTGG"	"TACAGAGGGTGCGAGCGTTAATCGGAATTACTGGGCGTAAAGCGAGCGTAGGTGGTTGATTAAGTCAGCTGTGAAATCCCCGGGCTTAACCTGGGAAAGTCAGCTGATACTGGTTAACTAGAGTATGTGAGAGGAAAGTAGAATTCCAGG"	"TACGGAGGGGGTTAGCGTTGTTCGGAATGACTGGGCGTAAAGCGCGCGTAGGCGGATCATCAAGTCGGGGGTGAAATCCCGGGGCTCAACCCCGGAATGGCCTTCGAGACTGGTGGTCTTGAGTTCGAGAGAGGTGAGTGGAATTCCGAG"	"TACGTAGGGTGCGAGCGTTGTCCGGAATTATTGGGCGTAAAGGGCTCGTAGGCGGTTTGTCGCGTCGGGAGTGAAAACCAGGTGCTTAACACCTGGCTTGCTTTCGATACGGGCAGACTAGAGGTATTCAGGGGAGAACGGAATTCCTGG"	"TACGTAGGGTGCAAGCGTTGTCCGGAATTATTGGGCGTAAAGAGCTCGTAGGCGGTCTGTCGCGTCGGCTGTGAAAACTCGGGGCTCAACCCCGAGCCTGCAGTCGATACGGGCAGACTAGAGTGCTGTAGGGGAGACTGGAATTCCTGG"	"TACGAAGGGTGCAAGCGTTACTCGGAATTACTGGGCGTAAAGCGTGCGTAGGTGGTTGTTTAAGTCTGTTGTGAAAGCCCTGGGCTCAACCTGGGAATTGCAGTGGATACTGGGCAACTAGAGTGTGGTAGAGGGTAGTGGAATTCCCGG"	"TACGTAGGGTGCGAGCGTTAATCGGAATTACTGGGCGTAAAGCGGGCGCAGACGGTTACTTAAGCAGGATGTGAAATCCCCGGGCTCAACCTGGGAACTGCGTTCTGAACTGGGTAACTAGAGTGTGTCAGAGGGAGGTAGAATTCCACG"	"TACGTAGGTGGCAAGCGTTGTCCGGAATTATTGGGCGTAAAGCGCGCGCAGGCGGATCGGTCAGTCTGTCTTAAAAGTTCGGGGCTTAACCCCGTGATGGGATGGAAACTGCCAATCTAGAGTATCGGAGAGGAAAGTGGAATTCCTAGT"	"TACGAAGGGGGCTAGCGTTGCTCGGAATTACTGGGCGTAAAGCGCACGTAGGCGGCTTTCTAAGTCGGGGGTGAAATCCTGGAGCTCAACTCCAGAACTGCCTTCGATACTGGAAAGCTCGAGTCCGGGAGAGGTGAGTGGAACTGCGAG"	"TACGTAGGGTGCAAGCGTTGTCCGGAATTATTGGGCGTAAAGAGCTCGTAGGCGGTTGGTCGCGTCGGCTGTGAAAACCCGGAGCTCAACTCCGGGCCTGCAGTCGATACGGGCCGACTTGAGTGTTGCAGGGGAGACTGGAATTCCTGG"	"TACGTAGGGTGCAAGCGTTGTCCGGAATTATTGGGCGTAAAGAGCTCGTAGGCGGTTGGTCGCGTCGGCTGTGAAAACCCGGAGCTCAACTCCGGGCCGGCAGTCGATACGGGCCGACTCGAGTGGTGCAGGGGAGACTGGAATTCCTGG"	"TACGTAGGGTGCAAGCGTTGTCCGGAATTATTGGGCGTAAAGAGCTCGTAGGCGGTCTGTTGCGTCGGCTGTGAAATCCCGGAGCTCAACTCCGGGCCTGCAGTCGATACGAGCAGACTGGAGTGTTGCAGGGGAGACTGGAATTCCTGG"	"GACGAACCGTGCGAACGTTATTCGGAATCACTGGGCTTAAAGCGCGTGTAGGCGGGCCGGCACGTCGAGAGCTGAAAGCCCCCGGCTCAACCGGGGAACGGGCATCGATACGACCGGCCTGGAGGGGGGTAGGGGGAGCCGGAACTCACG"	"TACGAAGGGGGCTAGCGTTGCTCGGAATTACTGGGCGTAAAGGGAGCGTAGGCGGACATTTAAGTCAGGGGTGAAATCCCGGGGCTCAACCTCGGAATTGCCTTTGATACTGGATGTCTTGAGTATGAGAGAGGTGTGTGGAACTCCGAG"	"TACGAAGGGTGCAAGCGTTACTCGGAATTACTGGGCGTAAAGCGTGCGTAGGTGGTCGTTTAAGTCCGTTGTGAAAGCCCTGGGCTCAACCTGGGAACTGCAGTAGATACTGGACGACTAGAGTGTGGTAGAGGGTAGCGGAATTCCTGG"	"TACGGAGGGGGCTAGCGTTGTTCGGAATTACTGGGCGTAAAGCGCGCGTAGGCGGCTTTGTAAGTTAGAGGTGAAAGCCCGGAGCTCAACTTCGGAATTGCCTTTAAGACTGCATCGCTAGAATCGTGGAGAGGTGAGTGGAATTCCGAG"	"GACGTAGGGGGCGAGCGTTGTCCGGAATTATTGGGCGTAAAGGGCTCGTAGGCGGTTCGGTAAGTCGGATGTGAAAACTTAGGGCTCAACCCTGAGACGCCATCCGATACTGCTGTGACTTGAGTTCGGTAGAGGAGTGTGGAATTCCTG"	"TACGGAGGGTGCAAGCGTTATCCGGATTCACTGGGTTTAAAGGGTGCGTAGGAGGGTGAGTAAGTCAGTGGTGAAATCTTCGAGCTTAACTCGGAAACTGCCGTTGATACTACTTGTCTTGAATATCGTGGAGGTGAGCGGAATATGTCA"	"TACGTAGGTGGCAAGCGTTGTCCGGATTTACTGGGCGTAAAGAGCGCGCAGGCGGCTGGTCAAGTCCGATGTGAAATCTCCCGGCTCAACTGGGAAACTGCATCGGAAACTGATCAGCTTGAAGGTGGGAGAGGGCAGTGGAATTCCCGG"	"TACAGAGGGTGCGAGCGTTGTTCGGAATTACTGGGCGTAAAGCGCGCGCAGGCGGCCTTTTAAGTCTACCCGTGAAATGCCGGGGCTCAACTCCGTGCACGCCGGGGGATACTGGGAGGCTGGAGACAGGTAGAGGCAAGCGGAATTCCG"	"TACGTAGGGCGCAAGCGTTATCCGGAATTATTGGGCGTAAAGAGCTCGTAGGCGGTTTGTCGCGTCTGCCGTGAAAGTCCGGGGCTCAACTCCGGATCTGCGGTGGGTACGGGCAGGCTAGAGTGATGTAGGGGAGACTGGAATTCCTGG"	"TACGGAGGGGGCTAGCGTTGTTCGGAATTACTGGGCGTAAAGCGCACGTAGGCGGCTTTGTAAGTTAGAGGTGAAAGCCCGGGGCTCAACTCCGGAATTGCCTTTAAGACTGCATCGCTCGAACGTCGGAGAGGTAAGTGGAATTCCGAG"	"TACGGAGGGAGCTAGCGTTGTTCGGAATTACTGGGCGTAAAGCGCGCGTAGGCGGCTTTGTAAGTTAGAGGTGAAAGCCCGGGGCTCAACTCCGGAACTGCCTTTAAGACTGCATCGCTAGAATCCAGGAGAGGTGAGTGGAATTCCGAG"	"TACGGAGGGGGCTAGCGTTGTTCGGAATTACTGGGCGTAAAGCGCACGTAGGCGGCTTTGTAAGTTAGAGGTGAAAGCCCGGAGCTCAACTCCGGAACTGCCTTTAAGACTGCATCGCTTGAATCATGGAGAGGTTAGTGGAATTCCGAG"	"TACGGAGGGGGCTAGCGTTGTTCGGAATTACTGGGCGTAAAGCGCGCGTAGGCGGCTTTGTAAGTTAGAGGTGAAAGCCCGGAGCTCAACTTCGGAATTGCCTTTAAGACTGCATCGCTTGAACACGGGAGAGGTGAGTGGAATTCCGAG"	"TACGAAGGGGGCTAGCGTTGTTCGGAATTACTGGGCGTAAAGGGCGCGTAGGCGGTGTGTCAAGTCAGGCGTGAAAGCCCCGGGCTCAACCTGGGAACCGCGCTTGAGACTGGCACGCTCGAGTTCGGGAGAGGATGGTGGAATTCCCAG"	"TACAGAGGGGGCAAGCGTTGTCCGGACTTACTGGGCGTACAGCGCGCGCAGGCGGTCGTATATGTGCCCGGTGACATCTGCACGCTCAACGTGCAGCGGTCTGGGTAGACAGTGCGACTGGAGGCAGGGAGAGGGATGTGGAATACCCGG"	"TACGTAGGGTGCGAGCGTTGTCCGGAATTATTGGGCGTAAAGGGCTCGTAGGCGGTTTGTCGCGTCGGGAGTGAAAACACCGGGCTTAACTCGGTGCTTGCTTTCGATACGGGCAGACTAGAGGCATGCAGGGGAGAACGGAATTCCTGG"	"TACGTATGTCCCGAGCGTTATCCGGATTTATTGGGCGTAAAGCGAGCGCAGACGGTTGATTAAGTCTGATGTGAAAGCCCGGAGCTCAACTCCGGAATGGCATTGGAAACTGGTTAACTTGAGTGCAGTAGAGGTAAGTGGAACTCCATG"	"TACGGAGGGTGCAAGCGTTGTCCGGATTTATTGGGTGTAAAGGGTGTGTAGGCGGGGCCGTAAGTCAGGGGTGAAAGGCCGCAGCTCAACTGCGGGACTGCCTTTGATACTGCGGCCCTTGAGTGTCGGAGGGGCCACTAGAATTCGTGG"	"TACGTAGGTGGCAAGCGTTGTCCGGAATTATTGGGCGTAAAGCGCGCGCAGGCGGCTTCTTAAGTCCATCTTAAAAGTGCGGGGCTTAACCCCGTGATGGGATGGAAACTGAGAGGCTGGAGTATCGGAGAGGAAAGTGGAATTCCTAGT"	"TACGGAGGGTGCAAGCGTTACTCGGAATCACTGGGCGTAAAGAGCGCGTAGGCGGGAAAGTAAGTCAGATGTGAAATCCTGTGGCTTAACTACAGAACTGCATTTGAAACTGCTTTTCTAGAGTATGGGAGAGGTAGGTGGAATTCTTGG"	"TACAGAGGTCCCGAGCGTTGTTCGGATTCACTGGGCGTAAAGGGTGCGCAGGTGGCAAGGCAAGTCGGATGTGAAAGCTCCGGGCTCAACCCGGAAATGGCATTGGAAACTGCTTTGCTTGAGGTTTGGAGGGGGGACTGGAATTCTCGG"	"TACGTAGGGTCCAAGCGTTATCCGGAATCACTGGGCGTAAAGCGTGCGTAGGTGGTTTGTTAAGTGTATTGCGAAATCCTGTGGCTCAACCATATGGACTGTAATGCATACTGGCAAACTAGAGGACATGAGAGGCAAGTGGAATTACCG"	"TACGTAGGGTGCAAGCGTTGTCCGGAATTATTGGGCGTAAAGAGCTCGTAGGCGGTTCGTCGCGTCGGCTGTGAAAACCCGGAGCTCAACTCCGGGCCTGCAGTCGATACGGGCGGACTTGAGTGTTGCAGGGGAGACTGGAATTCCTGG"	"TACGTAGGTGGCAAGCGTTGTCCGGAATTATTGGGCGTAAAGCGCGCGCAGGCGGCTTCTTAAGTCTGATGTGAAAGCCCGCAGCTCAACTGCGGAGGGTCATTGGAAACTGGGAAGCTTGAGTGCAGAAGAGGAGAGTGGAATTCCACG"	"TACGGAGGGTGCAAGCGTTAATCGGAATTACTGGGCGTAAAGCGCACGCAGGCGGTCTGTCAAGTCGGATGTGAAATCCCCGGGCTCAACCTGGGAACTGCATTCGAAACTGGCAGACTAGAGTCTTGTAGAGGGGGGTAGAATTCCAGG"	"TACGTAGGTGGCAAGCGTTGTCCGGATTTATTGGGCGTAAAGCGAGCGCAGGCGGAAGAATAAGTCTGATGTGAAAGCCCTCGGCTTAACCGAGGAACTGCATCGGAAACTGTTTTTCTTGAGTGCAGAAGAGGAGAGTGGAATTCCATG"	"TACGTAGGGTGCAAGCGTTGTCCGGAATTATTGGGCGTAAAGAGCTCGTAGGCGGTTTGTTGCGTCGGCTGTGAAATCCCGAGGCTCAACCTCGGGTCTGCAGTCGATACGAGCAAACTGGAGTGTTGCAGGGGAGACTGGAATTCCTGG"	"TACGGAGGGTGCGAGCGTTGTCCGGAATCACTGGGCGTAAAGGGCGCGTAGGCGGTTCTTCAAGCGTGTGGTGAAAGTCCGGGGCTCAACCCCGGATCGGCCGTGCGAACTGGGGAACTCGAGCACTGTAGAGGCAGGTGGAATTCCGGG"	"TACAGAGGGTGCAAGCGTTGTTCGGAATTACTGGGCGTAAAGCGCGCGCAGGCGGCCCTTTAAGTCTGTCGGTCAAACGCCGGGGCTCAACCCCGTGCTCGCCGCGGATACTGGAGGGCTGGAGACAGGTAGAGGCAGGCGGAATTCCGG"	"GACGAACCGTGCGAACGTTGTTCGGAATCACTGGGCTTAAAGGGCGCGTAGGCGGTCTACCAAGTCGGGGTTGAAATCTTTCGGCTCAACCGGAAAAGTGGCTTCGATACTGGTAGGCTGGAGGGAGGTAGGGGCGGATGGAACTTCCGG"	"TACGTAGGGACCTAGCGTTGTCCGGATTTATTGGGCGTAAAGCGCGCGTAGGCGGCCGTCCACGTCGGGTGTGAAAGCTCAGGGCTCAACCCTGAGATGCCACTCGATACGGGACGGCTAGAGGCAGCTAGGGGAGAGTGGAATTCCTGG"	"TACGTAGGGTCCGAGCGTTGTCCGGAATTATTGGGCGTAAAGGGCTCGTAGGCGGTTTGTCGCGTCGGGAGTGAAAACCGGGTGCTTAACACCTGGCTTGCTTTCGATACGGGCAGACTGGAGGTATGCAGGGGAGAACGGAATTCCTGG"	"TACGTAGGGTGCGAGCGTTGTCCGGAATTATTGGGCGTAAAGGGCTCGTAGGCGGTTTGTCGCGTCGGGAGTGAAAACACTGGGCTTAACCGAGTGCTTGCTTTCGATACGGGCAAACTTGAGGCATTCAGGGGAGAACGGAATTCCTGG"	"TACGTAGGTGGCAAGCGTTGTCCGGAATTATTGGGCGTAAAGCGCGCGCAGGCGGTCCTTTAAGTCTGATGTGAAAGCCCACGGCTCAACCGTGGAGGGTCATTGGAAACTGGGGGACTTGAGTACAGAAGAGGAAAGCGGAATTCCAAG"	"TACGTAGGGTGCGAGCGTTAATCGGAATTACTGGGCGTAAAGCGAGCGCAGACGGTTTGTTAAGCAGGATGTGAAATCCCCGGGCTCAACCTGGGAACTGCGTTCTGAACTGGCAAGCTAGAGTGTGTCAGAGGGGGGTGGAATTCCACG"	"TACGTAGGGTGCGAGCGTTGTCCGGAATTATTGGGCGTAAAGGGCTCGTAGGCGGTTTGTCGCGTCGGGAGTGAAAACCATGGGCTTAACTTATGGCTTGCTTTTGATACGGGCAGACTAGAGGTATGCAGGGGAGAACGGAATTCCTGG"	"TACGTAGGGTGCGAGCGTTGTCCGGAATTATTGGGCGTAAAGAGCTTGTAGGCGGTTTGTCGCGTCTGCCGTGAAAATCCGAGGCTCAACCTCGGACTTGCGGTGGGTACGGGCAGACTAGAGTGTGGTAGGGGAGACTGGAATTCCTGG"	"TACGGAGGGAGCTAGCGTTATTCGGAATTACTGGGCGTAAAGCGCACGTAGGCGGCTTTGTAAGTTAGAGGTGAAAGCCTGGAGCTCAACTCCAGAATTGCCTTTAAGACTGCATCGCTCGAATCCAGGAGAGGTGAGTGGAATTCCGAG"	"TACGTAGGTGGCAAGCGTTGTCCGGAATTATTGGGCGTAAAGCGCGCGCAGGCGGTCCTTTAAGTCTGATGTGAAAGCCCACGGCTCAACCGTGGAGGGTCATTGGAAACTGGGGGACTTGAGTACAGAAGAGGAAAGCGGAATTCCACG"	"TACGTATGGGGCAAGCGTTATCCGGATTTACTGGGCGTAAAGGGAGCGCAGACGGCATAGCAAGTTGGGTGTGAAAGACCGAGGCTCAACCTCGGGGCGGCACCCAAAACTGTTAAGCTAGAGTGTCGGAGAGGTAAGTGGAATTCCTAG"	"TACGGAGGATACGAGCGTTATCCGGATTTATTGGGTTTAAAGGGTGCGTAGGTGGCGAATTAAGTCAGTGGTGAAAAGCTGCAGCTCAACTGTAGTCTTGCCGTTGAAACTGGTTTGCTTGAGAGGAGACGAGGTATGCGGAATGTGTGG"	"TACGGAGGGTGCGAGCGTTGTTCGGAATTATTGGGCGTAAAGCGCACGTAGGCGGTTGGGTAAGTCTTTAGGTGAAAGGCCGGGGCTCAACTCCGTGCTTGCCGGAGATACTGCCTGACTGGAGACAGGGAGAGGCCAGTGGAATTTCGG"	"TACGTAGGTGACAAGCGTTGTCCGGAATTATTGGGCGTAAAGGGAGCGCAGGCGGTTGGAATAGTCTGATGTGAAAGCCCACGGCTTAACCGTGGAAGGTCATTGGAAACTGTCCAACTTGAATGCAGAAGAGGTAAGTGGAATTCCATG"	"TACGTAGGGTGCGAGCGTTGTCCGGAATTATTGGGCGTAAAGGGCTCGTAGGCGGTTTGTCGCGTCGGGAGTGAAAACACTGGGCTTAACCGAGTGCTTGCTTTCGATACGGGCAGACTTGAGGCATTCAGGGGAGAACGGAATTCCTGG"	"TACGGAGGGTGCAAGCGTTGTCCGGATTTATTGGGTTTAAAGGGTGCGTAGGCGGCTTATTAAGTCAGGGGTGAAAGACTGCAGCTTAACTGTAGCAGTGCCTTTGATACTGATGAGCTTGAGTACAGATGAGGCAGGCGGAATGGGTGG"	"TACGGAGGGGGCTAGCGTTGTTCGGAATGACTGGGCGTAAAGCGCGCGTAGGCGGATTGGCAAGTTGGGGGTGAAATCCCGGGGCTCAACCTCGGAATGGCCTTCAAGACTGCCGGTCTTGAGTTCGAGAGAGGTGAGTGGAATTCCGAG"	"TACGTAGGGTGCAAGCGTTGTCCGGAATTATTGGGCGTAAAGGGCTCGTAGGCGGTTTGTTACGTCGGGAGTGAAAACTCGGGGCTCAACCCCGAGCCTGCTTCCGATACGGGCAGACTAGAGGTATGCAGGGGAGAATGGAATTCCTGG"	"TACGGAGGGGGCTAGCGTTATTCGGAATTATTGGGCGTAAAGGGCGCGTAGGCGGCCCGGTAAGTCAAAGGTGAAATCCCTCGGCTCAACTGAGGAACTGCCTTTGAAACTGTCGGGCTTGAGGCCGGGAGGGGGTAGCGGAATTCCCAG"	"TACGTAGGGTGCAAGCGTTAATCGGAGTTATTGGGCGTAAAGCGAGTGCAGACGGTTACTTAAGCCAGATGTGAAATCCCCAATCTTAACTTGGGACGTGCATTTGGAACTGGGTGACTAGAGTGTGTCAGAGGGAGGTAGAATTCCACA"	"TACGGAGGGTGCAAGCGTTGTCCGGATTTATTGGGTGTAAAGGGTGTGTAGGCGGGGCCGTAAGTCAGGAGTGAAAGGCCGCAGCTCAACTGCGGGACTGCCTTTGATACTGCGGCCCTTGAGTGTCGGAGGGGCCACTAAAATTCGTGG"	"TACAGAGGGTGCAAGCGTTAATCGGAATTACTGGGCGTAAAGCGAGCGTGGGTGGTTACTTAAGTCAGATGTGAAAGCCCCGGGCTTAACCTGGGAACTGCATCTGATACTGGGTAACTAGAGTAGGTGAGAGGGAAGTAGAATTCCAGG"
"X141.9583661210781_12.363048669678719"	6.12144904254854e-05	6.65474245221372e-14	9.44400545138995e-13	1.32951442886124e-06	2.2528537042193e-12	1.86591675755803e-08	4.53579064481396e-14	1.21657395280779e-08	4.53579064481396e-14	0.00531917552221478	5.3495245339368e-06	4.53579064481396e-14	8.8736871432346e-05	4.53579064481396e-14	4.53579064481396e-14	4.53579064481396e-14	4.53579064481396e-14	4.53579064481396e-14	6.72775978222446e-07	4.53579064481396e-14	4.53579064481396e-14	4.53579064481396e-14	4.53579064481396e-14	4.53579064481396e-14	4.53579064481396e-14	4.53579064481396e-14	4.53579064481396e-14	4.53579064481396e-14	4.53579064481396e-14	4.53579064481396e-14	4.53579064481396e-14	4.53579064481396e-14	4.53579064481396e-14	2.21988043983779e-08	4.53579064481396e-14	4.53579064481396e-14	4.53579064481396e-14	4.53579064481396e-14	4.53579064481396e-14	4.53579064481396e-14	4.53579064481396e-14	4.53579064481396e-14	0.00522722412934476	4.53579064481396e-14	4.53579064481396e-14	4.53579064481396e-14	4.53579064481396e-14	4.53579064481396e-14	4.53579064481396e-14	4.53579064481396e-14	4.53579064481396e-14	4.53579064481396e-14	4.53579064481396e-14	4.53579064481396e-14	4.53579064481396e-14	4.53579064481396e-14	4.53579064481396e-14	4.53579064481396e-14	4.53579064481396e-14	4.53579064481396e-14	4.53579064481396e-14	4.53579064481396e-14	4.53579064481396e-14	4.53579064481396e-14	4.53579064481410e-14	4.53579064481410e-14	4.53579064481410e-14	4.53579064481410e-14
"X546.352113276656_7.754031277672365"	0.418043672412377	0.624675174099746	0.687440889512432	0.955292223054597	0.730113258978262	0.801062904354405	0.633634332285691	0.844048675388716	0.633634332285691	0.935359700931436	0.937345635315734	0.633634332285691	0.67683164137774	0.633634332285691	0.633634332285691	0.633634332285691	0.633634332285691	0.633634332285691	0.759006452644628	0.633634332285691	0.633634332285691	0.633634332285691	0.633634332285691	0.633634332285691	0.633634332285691	0.633634332285691	0.633634332285691	0.633634332285691	0.633634332285691	0.633634332285691	0.633634332285691	0.633634332285691	0.633634332285691	0.810510802354159	0.633634332285691	0.633634332285691	0.633634332285691	0.633634332285691	0.633634332285691	0.633634332285691	0.633634332285691	0.633634332285691	0.936232615733572	0.633634332285691	0.633634332285691	0.633634332285691	0.633634332285691	0.633634332285691	0.633634332285691	0.633634332285691	0.633634332285691	0.633634332285691	0.633634332285691	0.633634332285691	0.633634332285691	0.633634332285691	0.633634332285691	0.633634332285691	0.633634332285691	0.633634332285691	0.633634332285691	0.633634332285691	0.633634332285691	0.633634332285691	0.633634332285691	0.633634332285691	0.633634332285691	0.633634332285691
"X522.3558400472006_6.717375"	0.072540331783755	5.56266312952013e-06	1.69393289194076e-05	0.00185763924889534	4.39749083685334e-05	1.90264623301381e-08	5.1613220925696e-06	0.00064977653276805	5.1613220925696e-06	0.0896903390822277	0.0133067067761504	5.1613220925696e-06	0.0262603685815135	5.1613220925696e-06	5.1613220925696e-06	5.1613220925696e-06	5.1613220925696e-06	5.1613220925696e-06	0.00180566140439282	5.1613220925696e-06	5.1613220925696e-06	5.1613220925696e-06	5.1613220925696e-06	5.1613220925696e-06	5.1613220925696e-06	5.1613220925696e-06	5.1613220925696e-06	5.1613220925696e-06	5.1613220925696e-06	5.1613220925696e-06	5.1613220925696e-06	5.1613220925696e-06	5.1613220925696e-06	0.00180566140439283	5.1613220925696e-06	5.1613220925696e-06	5.1613220925696e-06	5.1613220925696e-06	5.1613220925696e-06	5.1613220925696e-06	5.1613220925696e-06	5.1613220925696e-06	0.0657032189714504	5.1613220925696e-06	5.1613220925696e-06	5.1613220925696e-06	5.1613220925696e-06	5.1613220925696e-06	5.1613220925696e-06	5.1613220925696e-06	5.1613220925696e-06	5.1613220925696e-06	5.1613220925696e-06	5.1613220925696e-06	5.1613220925696e-06	5.1613220925696e-06	5.1613220925696e-06	5.1613220925696e-06	5.1613220925696e-06	5.1613220925696e-06	5.1613220925696e-06	5.1613220925696e-06	5.1613220925696e-06	5.1613220925696e-06	5.1613220925699e-06	5.1613220925699e-06	5.1613220925699e-06	5.1613220925699e-06
"X1049.3012077376306_4.978090578597029"	2.3560023976188e-09	3.58406723048973e-57	2.0757678610959e-51	2.13442811749405e-27	3.99994155701897e-46	3.67243113136808e-25	4.29620850279556e-58	7.3365247819462e-31	4.29620850279556e-58	1.12822629991939e-08	1.7452204368477e-16	4.29620850279556e-58	3.25656936047154e-13	4.29620850279556e-58	4.29620850279556e-58	4.29620850279556e-58	4.29620850279556e-58	4.29620850279556e-58	4.25369290865725e-25	4.29620850279556e-58	4.29620850279556e-58	4.29620850279556e-58	4.29620850279556e-58	4.29620850279556e-58	4.29620850279556e-58	4.29620850279556e-58	4.29620850279556e-58	4.29620850279556e-58	4.29620850279556e-58	4.29620850279556e-58	4.29620850279556e-58	4.29620850279556e-58	4.29620850279556e-58	3.99813404434919e-25	4.29620850279556e-58	4.29620850279556e-58	4.29620850279556e-58	4.29620850279556e-58	4.29620850279556e-58	4.29620850279556e-58	4.29620850279556e-58	4.29620850279556e-58	9.74530638648376e-10	4.29620850279556e-58	4.29620850279556e-58	4.29620850279556e-58	4.29620850279556e-58	4.29620850279556e-58	4.29620850279556e-58	4.29620850279556e-58	4.29620850279556e-58	4.29620850279556e-58	4.29620850279556e-58	4.29620850279556e-58	4.29620850279556e-58	4.29620850279556e-58	4.29620850279556e-58	4.29620850279556e-58	4.29620850279556e-58	4.29620850279556e-58	4.29620850279556e-58	4.29620850279556e-58	4.29620850279556e-58	4.29620850279556e-58	4.29620850279531e-58	4.29620850279531e-58	4.29620850279531e-58	4.29620850279531e-58
"X1049.195433664738_5.344384864726901"	2.77316103622153e-09	5.75889591782379e-57	2.10328390976192e-51	1.50501532439934e-27	1.67400137551516e-46	1.91438121408923e-34	5.53586977229069e-58	3.01738778575497e-30	5.53586977229069e-58	1.49546081495457e-08	1.88146069672483e-17	5.53586977229069e-58	4.94616298826147e-15	5.53586977229069e-58	5.53586977229069e-58	5.53586977229069e-58	5.53586977229069e-58	5.53586977229069e-58	7.85153353426173e-25	5.53586977229069e-58	5.53586977229069e-58	5.53586977229069e-58	5.53586977229069e-58	5.53586977229069e-58	5.53586977229069e-58	5.53586977229069e-58	5.53586977229069e-58	5.53586977229069e-58	5.53586977229069e-58	5.53586977229069e-58	5.53586977229069e-58	5.53586977229069e-58	5.53586977229069e-58	6.810652257097e-25	5.53586977229069e-58	5.53586977229069e-58	5.53586977229069e-58	5.53586977229069e-58	5.53586977229069e-58	5.53586977229069e-58	5.53586977229069e-58	5.53586977229069e-58	3.43377880333089e-14	5.53586977229069e-58	5.53586977229069e-58	5.53586977229069e-58	5.53586977229069e-58	5.53586977229069e-58	5.53586977229069e-58	5.53586977229069e-58	5.53586977229069e-58	5.53586977229069e-58	5.53586977229069e-58	5.53586977229069e-58	5.53586977229069e-58	5.53586977229069e-58	5.53586977229069e-58	5.53586977229069e-58	5.53586977229069e-58	5.53586977229069e-58	5.53586977229069e-58	5.53586977229069e-58	5.53586977229069e-58	5.53586977229069e-58	5.535869772291e-58	5.535869772291e-58	5.535869772291e-58	5.535869772291e-58
"X1180.3391632612474_5.459362788259961"	8.84256306962689e-10	1.48682304891127e-59	2.38393734842098e-53	5.10359412691464e-30	3.2149833993471e-48	1.55132933343587e-26	1.11690102899293e-60	8.14280083472947e-32	1.11690102899293e-60	9.16517862399487e-09	7.30653616429454e-17	1.11690102899293e-60	6.19964146724292e-14	1.11690102899293e-60	1.11690102899293e-60	1.11690102899293e-60	1.11690102899293e-60	1.11690102899293e-60	4.59419067622702e-26	1.11690102899293e-60	1.11690102899293e-60	1.11690102899293e-60	1.11690102899293e-60	1.11690102899293e-60	1.11690102899293e-60	1.11690102899293e-60	1.11690102899293e-60	1.11690102899293e-60	1.11690102899293e-60	1.11690102899293e-60	1.11690102899293e-60	1.11690102899293e-60	1.11690102899293e-60	4.89414809894071e-26	1.11690102899293e-60	1.11690102899293e-60	1.11690102899293e-60	1.11690102899293e-60	1.11690102899293e-60	1.11690102899293e-60	1.11690102899293e-60	1.11690102899293e-60	4.75396490332397e-10	1.11690102899293e-60	1.11690102899293e-60	1.11690102899293e-60	1.11690102899293e-60	1.11690102899293e-60	1.11690102899293e-60	1.11690102899293e-60	1.11690102899293e-60	1.11690102899293e-60	1.11690102899293e-60	1.11690102899293e-60	1.11690102899293e-60	1.11690102899293e-60	1.11690102899293e-60	1.11690102899293e-60	1.11690102899293e-60	1.11690102899293e-60	1.11690102899293e-60	1.11690102899293e-60	1.11690102899293e-60	1.11690102899293e-60	1.11690102899306e-60	1.11690102899306e-60	1.11690102899306e-60	1.11690102899306e-60
"X1180.4655183839047_5.190039532520317"	2.11011279310025e-07	1.16200938954828e-32	1.3507082104324e-29	6.9842201839073e-19	2.93352251777288e-28	5.32512171332782e-17	3.65850174657289e-33	8.08155926686532e-19	3.65850174657289e-33	6.04601982970535e-06	2.55437570379189e-10	3.65850174657289e-33	1.58365704442707e-12	3.65850174657289e-33	3.65850174657289e-33	3.65850174657289e-33	3.65850174657289e-33	3.65850174657289e-33	2.73420757932962e-15	3.65850174657289e-33	3.65850174657289e-33	3.65850174657289e-33	3.65850174657289e-33	3.65850174657289e-33	3.65850174657289e-33	3.65850174657289e-33	3.65850174657289e-33	3.65850174657289e-33	3.65850174657289e-33	3.65850174657289e-33	3.65850174657289e-33	3.65850174657289e-33	3.65850174657289e-33	2.6462028441721e-15	3.65850174657289e-33	3.65850174657289e-33	3.65850174657289e-33	3.65850174657289e-33	3.65850174657289e-33	3.65850174657289e-33	3.65850174657289e-33	3.65850174657289e-33	1.25361334386418e-09	3.65850174657289e-33	3.65850174657289e-33	3.65850174657289e-33	3.65850174657289e-33	3.65850174657289e-33	3.65850174657289e-33	3.65850174657289e-33	3.65850174657289e-33	3.65850174657289e-33	3.65850174657289e-33	3.65850174657289e-33	3.65850174657289e-33	3.65850174657289e-33	3.65850174657289e-33	3.65850174657289e-33	3.65850174657289e-33	3.65850174657289e-33	3.65850174657289e-33	3.65850174657289e-33	3.65850174657289e-33	3.65850174657289e-33	3.65850174657347e-33	3.65850174657347e-33	3.65850174657347e-33	3.65850174657347e-33
"X1180.15754173895_5.047797829582"	4.51235416685221e-10	3.16463947737687e-68	2.73652343424228e-61	1.23148752923133e-32	3.10805041643648e-55	6.42161722277828e-35	1.73731352498612e-69	1.4272724196685e-35	1.73731352498612e-69	1.10566259692322e-09	5.89572339371508e-19	1.73731352498612e-69	4.00084893185633e-16	1.73731352498612e-69	1.73731352498612e-69	1.73731352498612e-69	1.73731352498612e-69	1.73731352498612e-69	6.28786486502608e-29	1.73731352498612e-69	1.73731352498612e-69	1.73731352498612e-69	1.73731352498612e-69	1.73731352498612e-69	1.73731352498612e-69	1.73731352498612e-69	1.73731352498612e-69	1.73731352498612e-69	1.73731352498612e-69	1.73731352498612e-69	1.73731352498612e-69	1.73731352498612e-69	1.73731352498612e-69	5.63538754031159e-29	1.73731352498612e-69	1.73731352498612e-69	1.73731352498612e-69	1.73731352498612e-69	1.73731352498612e-69	1.73731352498612e-69	1.73731352498612e-69	1.73731352498612e-69	6.0555086836161e-12	1.73731352498612e-69	1.73731352498612e-69	1.73731352498612e-69	1.73731352498612e-69	1.73731352498612e-69	1.73731352498612e-69	1.73731352498612e-69	1.73731352498612e-69	1.73731352498612e-69	1.73731352498612e-69	1.73731352498612e-69	1.73731352498612e-69	1.73731352498612e-69	1.73731352498612e-69	1.73731352498612e-69	1.73731352498612e-69	1.73731352498612e-69	1.73731352498612e-69	1.73731352498612e-69	1.73731352498612e-69	1.73731352498612e-69	1.73731352498647e-69	1.73731352498647e-69	1.73731352498647e-69	1.73731352498647e-69
"X1180.2814263204777_5.287554639709694"	9.93619841500145e-09	1.10618015201476e-50	1.70694032931192e-45	2.50979384984091e-25	4.07034399291419e-43	1.00830142323979e-30	1.20552053351262e-51	2.73037223690271e-27	1.20552053351262e-51	2.21438823759238e-08	5.70613491500809e-16	1.20552053351262e-51	2.3877344179745e-14	1.20552053351262e-51	1.20552053351262e-51	1.20552053351262e-51	1.20552053351262e-51	1.20552053351262e-51	1.34804727347651e-22	1.20552053351262e-51	1.20552053351262e-51	1.20552053351262e-51	1.20552053351262e-51	1.20552053351262e-51	1.20552053351262e-51	1.20552053351262e-51	1.20552053351262e-51	1.20552053351262e-51	1.20552053351262e-51	1.20552053351262e-51	1.20552053351262e-51	1.20552053351262e-51	1.20552053351262e-51	1.43949949989295e-22	1.20552053351262e-51	1.20552053351262e-51	1.20552053351262e-51	1.20552053351262e-51	1.20552053351262e-51	1.20552053351262e-51	1.20552053351262e-51	1.20552053351262e-51	3.85085902137535e-11	1.20552053351262e-51	1.20552053351262e-51	1.20552053351262e-51	1.20552053351262e-51	1.20552053351262e-51	1.20552053351262e-51	1.20552053351262e-51	1.20552053351262e-51	1.20552053351262e-51	1.20552053351262e-51	1.20552053351262e-51	1.20552053351262e-51	1.20552053351262e-51	1.20552053351262e-51	1.20552053351262e-51	1.20552053351262e-51	1.20552053351262e-51	1.20552053351262e-51	1.20552053351262e-51	1.20552053351262e-51	1.20552053351262e-51	1.20552053351252e-51	1.20552053351252e-51	1.20552053351252e-51	1.20552053351252e-51
"X583.254636981403_5.285123395931141"	0.0356336295170628	0.0443580210266855	0.0610224188531642	0.00165540264111678	0.0270610172644006	0.0205210416649059	0.0374376324921595	0.0694272390331003	0.0374376324921595	0.498657915886605	0.0783900290393315	0.0374376324921595	0.00331000328412645	0.0374376324921595	0.0374376324921595	0.0374376324921595	0.0374376324921595	0.0374376324921595	0.0938197755354108	0.0374376324921595	0.0374376324921595	0.0374376324921595	0.0374376324921595	0.0374376324921595	0.0374376324921595	0.0374376324921595	0.0374376324921595	0.0374376324921595	0.0374376324921595	0.0374376324921595	0.0374376324921595	0.0374376324921595	0.0374376324921595	0.456815735013527	0.0374376324921595	0.0374376324921595	0.0374376324921595	0.0374376324921595	0.0374376324921595	0.0374376324921595	0.0374376324921595	0.0374376324921595	0.261825518378676	0.0374376324921595	0.0374376324921595	0.0374376324921595	0.0374376324921595	0.0374376324921595	0.0374376324921595	0.0374376324921595	0.0374376324921595	0.0374376324921595	0.0374376324921595	0.0374376324921595	0.0374376324921595	0.0374376324921595	0.0374376324921595	0.0374376324921595	0.0374376324921595	0.0374376324921595	0.0374376324921595	0.0374376324921595	0.0374376324921595	0.0374376324921595	0.0374376324921594	0.0374376324921594	0.0374376324921594	0.0374376324921594
"X1258.8352527022605_5.138010859728502"	1.32021609970663e-06	8.73059407023448e-33	1.0410480968237e-29	2.80017694394277e-17	1.76451042577382e-27	3.65409479588501e-20	2.49184198804931e-33	1.43781020324191e-18	2.49184198804931e-33	6.64829392257629e-06	3.28862077754575e-11	2.49184198804931e-33	4.70357681941526e-10	2.49184198804931e-33	2.49184198804931e-33	2.49184198804931e-33	2.49184198804931e-33	2.49184198804931e-33	1.61124602125819e-15	2.49184198804931e-33	2.49184198804931e-33	2.49184198804931e-33	2.49184198804931e-33	2.49184198804931e-33	2.49184198804931e-33	2.49184198804931e-33	2.49184198804931e-33	2.49184198804931e-33	2.49184198804931e-33	2.49184198804931e-33	2.49184198804931e-33	2.49184198804931e-33	2.49184198804931e-33	1.72323334946515e-15	2.49184198804931e-33	2.49184198804931e-33	2.49184198804931e-33	2.49184198804931e-33	2.49184198804931e-33	2.49184198804931e-33	2.49184198804931e-33	2.49184198804931e-33	4.58649070814193e-07	2.49184198804931e-33	2.49184198804931e-33	2.49184198804931e-33	2.49184198804931e-33	2.49184198804931e-33	2.49184198804931e-33	2.49184198804931e-33	2.49184198804931e-33	2.49184198804931e-33	2.49184198804931e-33	2.49184198804931e-33	2.49184198804931e-33	2.49184198804931e-33	2.49184198804931e-33	2.49184198804931e-33	2.49184198804931e-33	2.49184198804931e-33	2.49184198804931e-33	2.49184198804931e-33	2.49184198804931e-33	2.49184198804931e-33	2.49184198804949e-33	2.49184198804949e-33	2.49184198804949e-33	2.49184198804949e-33
"X1180.2184440490423_5.1753549897119315"	3.54103440874283e-09	7.23661519330621e-52	2.26928398326251e-46	1.1680545029682e-26	3.84310160036082e-43	6.64220740825653e-32	8.5399061237609e-53	9.16278165332795e-28	8.5399061237609e-53	7.72593371123918e-08	6.34679438279592e-16	8.5399061237609e-53	2.59514615479586e-15	8.5399061237609e-53	8.5399061237609e-53	8.5399061237609e-53	8.5399061237609e-53	8.5399061237609e-53	8.21840578048008e-23	8.5399061237609e-53	8.5399061237609e-53	8.5399061237609e-53	8.5399061237609e-53	8.5399061237609e-53	8.5399061237609e-53	8.5399061237609e-53	8.5399061237609e-53	8.5399061237609e-53	8.5399061237609e-53	8.5399061237609e-53	8.5399061237609e-53	8.5399061237609e-53	8.5399061237609e-53	7.5254406258557e-23	8.5399061237609e-53	8.5399061237609e-53	8.5399061237609e-53	8.5399061237609e-53	8.5399061237609e-53	8.5399061237609e-53	8.5399061237609e-53	8.5399061237609e-53	3.42153874319806e-11	8.5399061237609e-53	8.5399061237609e-53	8.5399061237609e-53	8.5399061237609e-53	8.5399061237609e-53	8.5399061237609e-53	8.5399061237609e-53	8.5399061237609e-53	8.5399061237609e-53	8.5399061237609e-53	8.5399061237609e-53	8.5399061237609e-53	8.5399061237609e-53	8.5399061237609e-53	8.5399061237609e-53	8.5399061237609e-53	8.5399061237609e-53	8.5399061237609e-53	8.5399061237609e-53	8.5399061237609e-53	8.5399061237609e-53	8.5399061237609e-53	8.5399061237609e-53	8.5399061237609e-53	8.5399061237609e-53
"X1110.8544106743045_5.205852319717598"	1.73890014141083e-09	9.1828278187824e-62	8.54063812019025e-55	1.09040475923348e-30	4.1351615896491e-50	1.17164156137575e-40	1.19463793471904e-62	2.26906114695139e-32	1.19463793471904e-62	2.79418538746305e-09	8.67001441444728e-18	1.19463793471904e-62	7.25668338869497e-18	1.19463793471904e-62	1.19463793471904e-62	1.19463793471904e-62	1.19463793471904e-62	1.19463793471904e-62	2.01576588857251e-26	1.19463793471904e-62	1.19463793471904e-62	1.19463793471904e-62	1.19463793471904e-62	1.19463793471904e-62	1.19463793471904e-62	1.19463793471904e-62	1.19463793471904e-62	1.19463793471904e-62	1.19463793471904e-62	1.19463793471904e-62	1.19463793471904e-62	1.19463793471904e-62	1.19463793471904e-62	2.20080000954129e-26	1.19463793471904e-62	1.19463793471904e-62	1.19463793471904e-62	1.19463793471904e-62	1.19463793471904e-62	1.19463793471904e-62	1.19463793471904e-62	1.19463793471904e-62	8.77563648792629e-14	1.19463793471904e-62	1.19463793471904e-62	1.19463793471904e-62	1.19463793471904e-62	1.19463793471904e-62	1.19463793471904e-62	1.19463793471904e-62	1.19463793471904e-62	1.19463793471904e-62	1.19463793471904e-62	1.19463793471904e-62	1.19463793471904e-62	1.19463793471904e-62	1.19463793471904e-62	1.19463793471904e-62	1.19463793471904e-62	1.19463793471904e-62	1.19463793471904e-62	1.19463793471904e-62	1.19463793471904e-62	1.19463793471904e-62	1.19463793471904e-62	1.19463793471904e-62	1.19463793471904e-62	1.19463793471904e-62
"X1110.9684831490185_5.222318191056904"	4.5599410489667e-08	1.7826564217033e-47	1.1586016320904e-42	8.00702411332703e-24	1.30306833404408e-39	8.85475874578495e-33	2.27276105413317e-48	9.95860207724446e-26	2.27276105413317e-48	1.36842154557405e-07	4.9279821405363e-15	2.27276105413317e-48	4.96541621913848e-16	2.27276105413317e-48	2.27276105413317e-48	2.27276105413317e-48	2.27276105413317e-48	2.27276105413317e-48	2.40003525875083e-21	2.27276105413317e-48	2.27276105413317e-48	2.27276105413317e-48	2.27276105413317e-48	2.27276105413317e-48	2.27276105413317e-48	2.27276105413317e-48	2.27276105413317e-48	2.27276105413317e-48	2.27276105413317e-48	2.27276105413317e-48	2.27276105413317e-48	2.27276105413317e-48	2.27276105413317e-48	2.30432706776554e-21	2.27276105413317e-48	2.27276105413317e-48	2.27276105413317e-48	2.27276105413317e-48	2.27276105413317e-48	2.27276105413317e-48	2.27276105413317e-48	2.27276105413317e-48	1.89804943577207e-10	2.27276105413317e-48	2.27276105413317e-48	2.27276105413317e-48	2.27276105413317e-48	2.27276105413317e-48	2.27276105413317e-48	2.27276105413317e-48	2.27276105413317e-48	2.27276105413317e-48	2.27276105413317e-48	2.27276105413317e-48	2.27276105413317e-48	2.27276105413317e-48	2.27276105413317e-48	2.27276105413317e-48	2.27276105413317e-48	2.27276105413317e-48	2.27276105413317e-48	2.27276105413317e-48	2.27276105413317e-48	2.27276105413317e-48	2.27276105413337e-48	2.27276105413337e-48	2.27276105413337e-48	2.27276105413337e-48
"X1111.082375204028_5.081224651162789"	0.673200979368822	0.870060480213902	0.823944099107529	0.862242130971892	0.84664006495779	0.180085703793741	0.894361460414598	0.788251066089973	0.894361460414598	0.821322148392755	0.967303843865073	0.894361460414598	0.550771391667275	0.894361460414598	0.894361460414598	0.894361460414598	0.894361460414598	0.894361460414598	0.791501918278207	0.894361460414598	0.894361460414598	0.894361460414598	0.894361460414598	0.894361460414598	0.894361460414598	0.894361460414598	0.894361460414598	0.894361460414598	0.894361460414598	0.894361460414598	0.894361460414598	0.894361460414598	0.894361460414598	0.802191603414606	0.894361460414598	0.894361460414598	0.894361460414598	0.894361460414598	0.894361460414598	0.894361460414598	0.894361460414598	0.894361460414598	0.597087139392639	0.894361460414598	0.894361460414598	0.894361460414598	0.894361460414598	0.894361460414598	0.894361460414598	0.894361460414598	0.894361460414598	0.894361460414598	0.894361460414598	0.894361460414598	0.894361460414598	0.894361460414598	0.894361460414598	0.894361460414598	0.894361460414598	0.894361460414598	0.894361460414598	0.894361460414598	0.894361460414598	0.894361460414598	0.894361460414598	0.894361460414598	0.894361460414598	0.894361460414598
"X1452.3452133601213_5.124408812566555"	1.40539113234547e-09	2.13778109285305e-80	2.46934988077939e-74	1.27509482529706e-34	3.98469673969925e-63	2.02786104677377e-41	5.49316176528929e-82	1.28877726810404e-41	5.49316176528929e-82	1.13152446784676e-11	5.71079873841375e-21	5.49316176528929e-82	6.2653433483775e-17	5.49316176528929e-82	5.49316176528929e-82	5.49316176528929e-82	5.49316176528929e-82	5.49316176528929e-82	1.54142353034094e-31	5.49316176528929e-82	5.49316176528929e-82	5.49316176528929e-82	5.49316176528929e-82	5.49316176528929e-82	5.49316176528929e-82	5.49316176528929e-82	5.49316176528929e-82	5.49316176528929e-82	5.49316176528929e-82	5.49316176528929e-82	5.49316176528929e-82	5.49316176528929e-82	5.49316176528929e-82	1.29247966244485e-31	5.49316176528929e-82	5.49316176528929e-82	5.49316176528929e-82	5.49316176528929e-82	5.49316176528929e-82	5.49316176528929e-82	5.49316176528929e-82	5.49316176528929e-82	4.32790127179541e-16	5.49316176528929e-82	5.49316176528929e-82	5.49316176528929e-82	5.49316176528929e-82	5.49316176528929e-82	5.49316176528929e-82	5.49316176528929e-82	5.49316176528929e-82	5.49316176528929e-82	5.49316176528929e-82	5.49316176528929e-82	5.49316176528929e-82	5.49316176528929e-82	5.49316176528929e-82	5.49316176528929e-82	5.49316176528929e-82	5.49316176528929e-82	5.49316176528929e-82	5.49316176528929e-82	5.49316176528929e-82	5.49316176528929e-82	5.49316176529008e-82	5.49316176529008e-82	5.49316176529008e-82	5.49316176529008e-82
"X1258.7698763815392_5.250505375514401"	3.15812086850724e-13	6.96977066452039e-93	4.48089230119996e-81	2.57522071475435e-42	3.21768961463551e-74	8.36466153884935e-52	6.37212365083257e-95	6.68052618980694e-45	6.37212365083257e-95	1.34700663743527e-11	3.94235139245108e-23	6.37212365083257e-95	1.64112360895207e-20	6.37212365083257e-95	6.37212365083257e-95	6.37212365083257e-95	6.37212365083257e-95	6.37212365083257e-95	3.44424998543246e-36	6.37212365083257e-95	6.37212365083257e-95	6.37212365083257e-95	6.37212365083257e-95	6.37212365083257e-95	6.37212365083257e-95	6.37212365083257e-95	6.37212365083257e-95	6.37212365083257e-95	6.37212365083257e-95	6.37212365083257e-95	6.37212365083257e-95	6.37212365083257e-95	6.37212365083257e-95	3.50918443938483e-36	6.37212365083257e-95	6.37212365083257e-95	6.37212365083257e-95	6.37212365083257e-95	6.37212365083257e-95	6.37212365083257e-95	6.37212365083257e-95	6.37212365083257e-95	3.95550657550816e-15	6.37212365083257e-95	6.37212365083257e-95	6.37212365083257e-95	6.37212365083257e-95	6.37212365083257e-95	6.37212365083257e-95	6.37212365083257e-95	6.37212365083257e-95	6.37212365083257e-95	6.37212365083257e-95	6.37212365083257e-95	6.37212365083257e-95	6.37212365083257e-95	6.37212365083257e-95	6.37212365083257e-95	6.37212365083257e-95	6.37212365083257e-95	6.37212365083257e-95	6.37212365083257e-95	6.37212365083257e-95	6.37212365083257e-95	6.3721236508362e-95	6.3721236508362e-95	6.3721236508362e-95	6.3721236508362e-95
"X1110.7961572888748_5.213856777108433"	3.00344333927771e-08	5.27634674584033e-48	2.60113508822269e-43	8.56438535553687e-24	2.87553819553884e-39	2.48044763435909e-26	1.96349059792196e-48	5.76602347923179e-26	1.96349059792196e-48	2.5697234446965e-07	2.57325337539458e-14	1.96349059792196e-48	2.97625074561061e-15	1.96349059792196e-48	1.96349059792196e-48	1.96349059792196e-48	1.96349059792196e-48	1.96349059792196e-48	3.32209325915957e-21	1.96349059792196e-48	1.96349059792196e-48	1.96349059792196e-48	1.96349059792196e-48	1.96349059792196e-48	1.96349059792196e-48	1.96349059792196e-48	1.96349059792196e-48	1.96349059792196e-48	1.96349059792196e-48	1.96349059792196e-48	1.96349059792196e-48	1.96349059792196e-48	1.96349059792196e-48	3.8468657809461e-21	1.96349059792196e-48	1.96349059792196e-48	1.96349059792196e-48	1.96349059792196e-48	1.96349059792196e-48	1.96349059792196e-48	1.96349059792196e-48	1.96349059792196e-48	1.33060903555918e-09	1.96349059792196e-48	1.96349059792196e-48	1.96349059792196e-48	1.96349059792196e-48	1.96349059792196e-48	1.96349059792196e-48	1.96349059792196e-48	1.96349059792196e-48	1.96349059792196e-48	1.96349059792196e-48	1.96349059792196e-48	1.96349059792196e-48	1.96349059792196e-48	1.96349059792196e-48	1.96349059792196e-48	1.96349059792196e-48	1.96349059792196e-48	1.96349059792196e-48	1.96349059792196e-48	1.96349059792196e-48	1.96349059792196e-48	1.96349059792196e-48	1.96349059792196e-48	1.96349059792196e-48	1.96349059792196e-48
"X182.98461252090854_12.364212212212218"	0.002392884570368	2.46593134266192e-09	2.48465651232982e-08	1.09338087766128e-05	7.83902656781713e-08	2.83779402257653e-05	1.92122393280412e-09	2.98428629868635e-07	1.92122393280412e-09	0.045049707908711	0.000442224736450989	1.92122393280412e-09	0.000962382109460776	1.92122393280412e-09	1.92122393280412e-09	1.92122393280412e-09	1.92122393280412e-09	1.92122393280412e-09	3.55170988285279e-05	1.92122393280412e-09	1.92122393280412e-09	1.92122393280412e-09	1.92122393280412e-09	1.92122393280412e-09	1.92122393280412e-09	1.92122393280412e-09	1.92122393280412e-09	1.92122393280412e-09	1.92122393280412e-09	1.92122393280412e-09	1.92122393280412e-09	1.92122393280412e-09	1.92122393280412e-09	6.36977831203956e-06	1.92122393280412e-09	1.92122393280412e-09	1.92122393280412e-09	1.92122393280412e-09	1.92122393280412e-09	1.92122393280412e-09	1.92122393280412e-09	1.92122393280412e-09	0.0461842580483317	1.92122393280412e-09	1.92122393280412e-09	1.92122393280412e-09	1.92122393280412e-09	1.92122393280412e-09	1.92122393280412e-09	1.92122393280412e-09	1.92122393280412e-09	1.92122393280412e-09	1.92122393280412e-09	1.92122393280412e-09	1.92122393280412e-09	1.92122393280412e-09	1.92122393280412e-09	1.92122393280412e-09	1.92122393280412e-09	1.92122393280412e-09	1.92122393280412e-09	1.92122393280412e-09	1.92122393280412e-09	1.92122393280412e-09	1.92122393280411e-09	1.92122393280411e-09	1.92122393280411e-09	1.92122393280411e-09
"X958.5135501883875_4.747414406779665"	0.857650296332486	0.841408999581658	0.874781387871039	0.796462429042062	0.860985455074469	0.976478075457764	0.849994109152763	0.987008295321446	0.849994109152763	0.336276799277153	0.769973642783405	0.849994109152763	0.690024602576638	0.849994109152763	0.849994109152763	0.849994109152763	0.849994109152763	0.849994109152763	0.916223050151568	0.849994109152763	0.849994109152763	0.849994109152763	0.849994109152763	0.849994109152763	0.849994109152763	0.849994109152763	0.849994109152763	0.849994109152763	0.849994109152763	0.849994109152763	0.849994109152763	0.849994109152763	0.849994109152763	0.963355448310466	0.849994109152763	0.849994109152763	0.849994109152763	0.849994109152763	0.849994109152763	0.849994109152763	0.849994109152763	0.849994109152763	0.0578032912733259	0.849994109152763	0.849994109152763	0.849994109152763	0.849994109152763	0.849994109152763	0.849994109152763	0.849994109152763	0.849994109152763	0.849994109152763	0.849994109152763	0.849994109152763	0.849994109152763	0.849994109152763	0.849994109152763	0.849994109152763	0.849994109152763	0.849994109152763	0.849994109152763	0.849994109152763	0.849994109152763	0.849994109152763	0.849994109152763	0.849994109152763	0.849994109152763	0.849994109152763
"X994.129086517439_4.94982777777778"	0.414557222629492	0.378785556600646	0.376336102955875	0.650181178502852	0.450277087873328	0.570914427400421	0.359046462964192	0.542559663266697	0.359046462964192	0.726170106155419	0.68378657548476	0.359046462964192	0.62781760295493	0.359046462964192	0.359046462964192	0.359046462964192	0.359046462964192	0.359046462964192	0.612951691192076	0.359046462964192	0.359046462964192	0.359046462964192	0.359046462964192	0.359046462964192	0.359046462964192	0.359046462964192	0.359046462964192	0.359046462964192	0.359046462964192	0.359046462964192	0.359046462964192	0.359046462964192	0.359046462964192	0.603992951026102	0.359046462964192	0.359046462964192	0.359046462964192	0.359046462964192	0.359046462964192	0.359046462964192	0.359046462964192	0.359046462964192	0.217399671299254	0.359046462964192	0.359046462964192	0.359046462964192	0.359046462964192	0.359046462964192	0.359046462964192	0.359046462964192	0.359046462964192	0.359046462964192	0.359046462964192	0.359046462964192	0.359046462964192	0.359046462964192	0.359046462964192	0.359046462964192	0.359046462964192	0.359046462964192	0.359046462964192	0.359046462964192	0.359046462964192	0.359046462964192	0.359046462964192	0.359046462964192	0.359046462964192	0.359046462964192
"X1258.7063570315743_5.1000363287250385"	0.000839983769972178	1.74945704154792e-20	9.19514655910144e-19	1.18017907041719e-10	8.53002648558527e-17	8.29639966905998e-11	8.83927113133084e-21	6.57003501958411e-13	8.83927113133084e-21	0.000807796985964968	6.75712453021476e-07	8.83927113133084e-21	3.87072001368166e-07	8.83927113133084e-21	8.83927113133084e-21	8.83927113133084e-21	8.83927113133084e-21	8.83927113133084e-21	8.39724801384396e-10	8.83927113133084e-21	8.83927113133084e-21	8.83927113133084e-21	8.83927113133084e-21	8.83927113133084e-21	8.83927113133084e-21	8.83927113133084e-21	8.83927113133084e-21	8.83927113133084e-21	8.83927113133084e-21	8.83927113133084e-21	8.83927113133084e-21	8.83927113133084e-21	8.83927113133084e-21	7.89608596579848e-10	8.83927113133084e-21	8.83927113133084e-21	8.83927113133084e-21	8.83927113133084e-21	8.83927113133084e-21	8.83927113133084e-21	8.83927113133084e-21	8.83927113133084e-21	2.88201393198324e-06	8.83927113133084e-21	8.83927113133084e-21	8.83927113133084e-21	8.83927113133084e-21	8.83927113133084e-21	8.83927113133084e-21	8.83927113133084e-21	8.83927113133084e-21	8.83927113133084e-21	8.83927113133084e-21	8.83927113133084e-21	8.83927113133084e-21	8.83927113133084e-21	8.83927113133084e-21	8.83927113133084e-21	8.83927113133084e-21	8.83927113133084e-21	8.83927113133084e-21	8.83927113133084e-21	8.83927113133084e-21	8.83927113133084e-21	8.83927113133122e-21	8.83927113133122e-21	8.83927113133122e-21	8.83927113133122e-21
"X1049.2480649892264_5.343852220520674"	6.62732476224173e-10	7.24375097871862e-57	7.53504104049894e-51	9.25925648014362e-29	9.94882814893168e-48	1.68739871694833e-39	6.13034583971948e-58	3.13138619693391e-30	6.13034583971948e-58	1.05201004093332e-08	1.02975336287784e-17	6.13034583971948e-58	5.71046976312181e-14	6.13034583971948e-58	6.13034583971948e-58	6.13034583971948e-58	6.13034583971948e-58	6.13034583971948e-58	7.67797679988798e-25	6.13034583971948e-58	6.13034583971948e-58	6.13034583971948e-58	6.13034583971948e-58	6.13034583971948e-58	6.13034583971948e-58	6.13034583971948e-58	6.13034583971948e-58	6.13034583971948e-58	6.13034583971948e-58	6.13034583971948e-58	6.13034583971948e-58	6.13034583971948e-58	6.13034583971948e-58	7.71053594092058e-25	6.13034583971948e-58	6.13034583971948e-58	6.13034583971948e-58	6.13034583971948e-58	6.13034583971948e-58	6.13034583971948e-58	6.13034583971948e-58	6.13034583971948e-58	2.92346503884354e-10	6.13034583971948e-58	6.13034583971948e-58	6.13034583971948e-58	6.13034583971948e-58	6.13034583971948e-58	6.13034583971948e-58	6.13034583971948e-58	6.13034583971948e-58	6.13034583971948e-58	6.13034583971948e-58	6.13034583971948e-58	6.13034583971948e-58	6.13034583971948e-58	6.13034583971948e-58	6.13034583971948e-58	6.13034583971948e-58	6.13034583971948e-58	6.13034583971948e-58	6.13034583971948e-58	6.13034583971948e-58	6.13034583971948e-58	6.13034583971948e-58	6.13034583971948e-58	6.13034583971948e-58	6.13034583971948e-58
"X854.2963993169755_0.26211349085365887"	0.178102094589246	0.0514888300267619	0.0777028791934631	0.170686693505427	0.0443621122918947	0.177962462787547	0.0441306043807849	0.11408274927503	0.0441306043807849	0.995744992497457	0.599092616155755	0.0441306043807849	0.437800361718938	0.0441306043807849	0.0441306043807849	0.0441306043807849	0.0441306043807849	0.0441306043807849	0.332752059329888	0.0441306043807849	0.0441306043807849	0.0441306043807849	0.0441306043807849	0.0441306043807849	0.0441306043807849	0.0441306043807849	0.0441306043807849	0.0441306043807849	0.0441306043807849	0.0441306043807849	0.0441306043807849	0.0441306043807849	0.0441306043807849	0.413935412614029	0.0441306043807849	0.0441306043807849	0.0441306043807849	0.0441306043807849	0.0441306043807849	0.0441306043807849	0.0441306043807849	0.0441306043807849	0.219564713267436	0.0441306043807849	0.0441306043807849	0.0441306043807849	0.0441306043807849	0.0441306043807849	0.0441306043807849	0.0441306043807849	0.0441306043807849	0.0441306043807849	0.0441306043807849	0.0441306043807849	0.0441306043807849	0.0441306043807849	0.0441306043807849	0.0441306043807849	0.0441306043807849	0.0441306043807849	0.0441306043807849	0.0441306043807849	0.0441306043807849	0.0441306043807849	0.0441306043807851	0.0441306043807851	0.0441306043807851	0.0441306043807851
"X726.3420516204296_2.7286700845665997"	9.13952039749496e-15	2.1474351831322e-30	9.19924132026404e-28	9.99539569690402e-16	1.91118513359813e-25	5.8004409146013e-15	8.31127914004966e-31	1.6308951843226e-17	8.31127914004966e-31	2.96632323359735e-05	1.31298839278566e-09	8.31127914004966e-31	5.13482713134279e-09	8.31127914004966e-31	8.31127914004966e-31	8.31127914004966e-31	8.31127914004966e-31	8.31127914004966e-31	6.37093712731914e-15	8.31127914004966e-31	8.31127914004966e-31	8.31127914004966e-31	8.31127914004966e-31	8.31127914004966e-31	8.31127914004966e-31	8.31127914004966e-31	8.31127914004966e-31	8.31127914004966e-31	8.31127914004966e-31	8.31127914004966e-31	8.31127914004966e-31	8.31127914004966e-31	8.31127914004966e-31	1.21744072950346e-36	8.31127914004966e-31	8.31127914004966e-31	8.31127914004966e-31	8.31127914004966e-31	8.31127914004966e-31	8.31127914004966e-31	8.31127914004966e-31	8.31127914004966e-31	1.50951877911684e-09	8.31127914004966e-31	8.31127914004966e-31	8.31127914004966e-31	8.31127914004966e-31	8.31127914004966e-31	8.31127914004966e-31	8.31127914004966e-31	8.31127914004966e-31	8.31127914004966e-31	8.31127914004966e-31	8.31127914004966e-31	8.31127914004966e-31	8.31127914004966e-31	8.31127914004966e-31	8.31127914004966e-31	8.31127914004966e-31	8.31127914004966e-31	8.31127914004966e-31	8.31127914004966e-31	8.31127914004966e-31	8.31127914004966e-31	8.31127914004929e-31	8.31127914004929e-31	8.31127914004929e-31	8.31127914004929e-31
"X1110.682381755335_5.147133125972008"	0.853680658828385	0.737756654251279	0.79269684904551	0.742526866372591	0.86014755703925	0.294393586229051	0.728427571844485	0.481778815883355	0.728427571844485	0.630195145584291	0.692944135561096	0.728427571844485	0.00413746894142356	0.728427571844485	0.728427571844485	0.728427571844485	0.728427571844485	0.728427571844485	0.969116016738996	0.728427571844485	0.728427571844485	0.728427571844485	0.728427571844485	0.728427571844485	0.728427571844485	0.728427571844485	0.728427571844485	0.728427571844485	0.728427571844485	0.728427571844485	0.728427571844485	0.728427571844485	0.728427571844485	0.991154548027034	0.728427571844485	0.728427571844485	0.728427571844485	0.728427571844485	0.728427571844485	0.728427571844485	0.728427571844485	0.728427571844485	0.6350527694033	0.728427571844485	0.728427571844485	0.728427571844485	0.728427571844485	0.728427571844485	0.728427571844485	0.728427571844485	0.728427571844485	0.728427571844485	0.728427571844485	0.728427571844485	0.728427571844485	0.728427571844485	0.728427571844485	0.728427571844485	0.728427571844485	0.728427571844485	0.728427571844485	0.728427571844485	0.728427571844485	0.728427571844485	0.728427571844485	0.728427571844485	0.728427571844485	0.728427571844485
"X744.5539574092405_9.9383003021148"	0.00233864241192307	1.27940592011986e-11	1.4525993282531e-10	2.7619650204555e-06	6.60740723866116e-10	2.32139899185187e-06	1.04928332093742e-11	2.17722710887719e-08	1.04928332093742e-11	0.018831871550479	0.000375585431946045	1.04928332093742e-11	0.00150402833096269	1.04928332093742e-11	1.04928332093742e-11	1.04928332093742e-11	1.04928332093742e-11	1.04928332093742e-11	5.85890847498781e-06	1.04928332093742e-11	1.04928332093742e-11	1.04928332093742e-11	1.04928332093742e-11	1.04928332093742e-11	1.04928332093742e-11	1.04928332093742e-11	1.04928332093742e-11	1.04928332093742e-11	1.04928332093742e-11	1.04928332093742e-11	1.04928332093742e-11	1.04928332093742e-11	1.04928332093742e-11	5.79121735500408e-06	1.04928332093742e-11	1.04928332093742e-11	1.04928332093742e-11	1.04928332093742e-11	1.04928332093742e-11	1.04928332093742e-11	1.04928332093742e-11	1.04928332093742e-11	0.0100865983880347	1.04928332093742e-11	1.04928332093742e-11	1.04928332093742e-11	1.04928332093742e-11	1.04928332093742e-11	1.04928332093742e-11	1.04928332093742e-11	1.04928332093742e-11	1.04928332093742e-11	1.04928332093742e-11	1.04928332093742e-11	1.04928332093742e-11	1.04928332093742e-11	1.04928332093742e-11	1.04928332093742e-11	1.04928332093742e-11	1.04928332093742e-11	1.04928332093742e-11	1.04928332093742e-11	1.04928332093742e-11	1.04928332093742e-11	1.04928332093741e-11	1.04928332093741e-11	1.04928332093741e-11	1.04928332093741e-11
